GR;PODGR;RODZ;TYP;OPIS;NR_ODPADU
10;05;04;B;PYŁ GRAFITOWY;903
13;07;02;N;BENZYNA;904
11;05;04;N;ZUZYTY TOPNIK;905
10;11;03;B;ODPADY WŁÓKNA SZKLANEGO;906
11;05;99;B;INNE NIEWYMIENIONE ODPADY;907
01;;;B;Odpady powstające przy poszukiwaniu, wydobywaniu, fizycznej i chemicznej przeróbce rud oraz innych kopalin;1
01;01;;B;Odpady z wydobywania kopalin;2
01;01;01;B;Odpady z wydobywania rud metali (z wyłączeniem 01 01 80);3
11;05;03;N;ODPADY Z OCZYSZCZANIA GAZÓW ODLOTOWYCH;908
01;01;02;B;Odpady z wydobywania rud metali (z wyłączeniem 01 01 80);4
01;01;80;B;Odpady skalne z górnictwa miedzi, cynku i ołowiu;5
01;03;;B;Odpady z fizycznej i chemicznej przeróbki rud metali;6
01;03;04;N;Odpady z przeróbki rud siarczkowych powodujące samoczynne zakwaszenie środowiska w czasie składowania;7
01;03;05;N;Inne odpady poprzeróbcze zawierające substancje niebezpieczne (z wyłączeniem 01 03 80);8
01;03;06;B;Inne odpady poprzeróbcze niż wymienione w 01 03 04, 01 03 05, 01 03 80 i 01 03 81;9
01;03;07;N;Inne odpady zawierające substancje niebezpieczne z fizycznej i chemicznej przeróbki rud metali;10
01;03;08;B;Odpady w postaci pyłów i proszków inne niż wymienione w 01 03 07;11
01;03;09;B;Czerwony szlam powstający przy produkcji tlenku glinu inny niż wymieniony w 01 03 07;12
01;03;80;N;Odpady z flotacyjnego wzbogacania rud metali nieżelaznych zawierające substancje niebezpieczne;13
01;03;81;B;Odpady z flotacyjnego wzbogacania rud metali nieżelaznych inne niż wymienione w 01 03 80;14
01;03;99;B;Inne nie wymienione odpady;15
01;04;;B;Odpady z fizycznej i chemicznej przeróbki kopalin innych niż rudy metali;16
01;04;07;N;Odpady zawierające niebezpieczne substancje z fizycznej i chemicznej przeróbki kopalin innych niż rudy metali;17
01;04;08;B;Odpady żwiru lub skruszone skały inne niż wymienione w 01 04 07;18
01;04;09;B;Odpadowe piaski i iły;19
01;04;10;B;Odpady w postaci pyłów i proszków inne niż wymienione w 01 04 07;20
01;04;11;B;Odpady powstające przy wzbogacaniu soli kamiennej i potasowej inne niż wymienione w 01 04 07;21
01;04;12;B;Odpady powstające przy płukaniu i oczyszczaniu kopalin inne niż wymienione w 01 04 07 i 01 04 11;22
01;04;13;B;Odpady powstające przy cięciu i obróbce postaciowej skał inne niż wymienione w 01 04 07;23
01;04;80;N;Odpady z flotacyjnego wzbogacania węgla zawierające substancje niebezpieczne;24
01;04;81;B;Odpady z flotacyjnego wzbogacania węgla inne niż wymienione w 01 04 80;25
01;04;82;N;Odpady z flotacyjnego wzbogacania rud siarkowych zawierające substancje niebezpieczne;26
01;04;83;B;Odpady z flotacyjnego wzbogacania rud siarkowych inne niż wymienione w 01 04 82;27
01;04;84;N;Odpady z flotacyjnego wzbogacania rud fosforowych (fosforytów, apatytów) zawierające substancje niebezpieczne;28
01;04;85;B;Odpady z flotacyjnego wzbogacania rud fosforowych (fosforytów, apatytów) inne niż wymienione w 01 04 84;29
01;04;99;B;Inne nie wymienione odpady;30
01;05;;B;Płuczki wiertnicze i inne odpady wiertnicze;31
01;05;04;B;Płuczki i odpady wiertnicze z odwiertów wody słodkiej;32
01;05;05;N;Płuczki i odpady wiertnicze zawierające ropę naftową;33
01;05;06;N;Płuczki i odpady wiertnicze zawierające substancje niebezpieczne;34
01;05;07;B;Płuczki wiertnicze zawierające baryt i odpady inne niż wymienione w 01 05 05 i 01 05 06;35
01;05;08;B;Płuczki wiertnicze zawierające chlorki i odpady inne niż wymienione w 01 05 05 i 01 05 06;36
01;05;99;B;Inne nie wymienione odpady;37
02;;;B;Odpady z rolnictwa, sadownictwa, upraw hydroponicznych, rybołówstwa, leśnictwa, łowiectwa oraz przetwórstwa żywności;38
02;01;;B;Odpady z rolnictwa, sadownictwa, upraw hydroponicznych, leśnictwa, łowiectwa i rybołówstwa;39
02;01;01;B;Osady z mycia i czyszczenia;40
02;01;02;B;Odpadowa tkanka zwierzęca;41
02;01;03;B;Odpadowa masa roślinna;42
02;01;04;B;Odpady tworzyw sztucznych (z wyłączeniem opakowań);43
02;01;06;B;Odchody zwierzęce;44
02;01;07;B;Odpady z gospodarki leśnej;45
02;01;08;N;Odpady agrochemikaliów zawierające substancje niebezpieczne, w tym środki ochrony roślin I i II klasy toksyczności (bardzo toksyczne i toksyczne);46
02;01;09;B;Odpady agrochemikaliów inne niż wymienione w 02 01 08;47
02;01;10;B;Odpady metalowe;48
02;01;80;N;Zwierzęta padłe i ubite z konieczności oraz odpadowa tkanka zwierzęca wykazujące właściwości niebezpieczne;49
02;01;81;B;Zwierzęta padłe i odpadowa tkanka zwierzęca stanowiące materiał szczególnego i wysokiego ryzyka inne niż wymienione w 02 01 80;50
02;01;82;B;Zwierzęta padłe i ubite z konieczności;51
02;01;83;B;Odpady z upraw hydroponicznych;52
02;01;99;B;Inne nie wymienione odpady;53
55;55;55;N;Odpady Niebezpieczne (różne kod wewnętrzny);909
02;02;;B;Odpady z przygotowania i przetwórstwa produktów spożywczych pochodzenia zwierzęcego;54
02;02;01;B;Odpady z mycia i przygotowywania surowców;55
02;02;02;B;Odpadowa tkanka zwierzęca;56
02;02;03;B;Surowce i produkty nie nadające się do spożycia i przetwórstwa;57
02;02;04;B;Osady z zakładowych oczyszczalni ścieków;58
02;02;80;N;Odpadowa tkanka zwierzęca wykazująca właściwości niebezpieczne;59
02;02;81;B;Odpadowa tkanka zwierzęca stanowiąca materiał szczególnego i wysokiego ryzyka, w tym odpady z produkcji pasz mięsno-kostnych inne niż wymienione w 02 02 80;60
02;02;82;B;Odpady z produkcji mączki rybnej inne niż wymienione w 02 02 80;61
02;02;99;B;Inne nie wymienione odpady;62
02;03;;B;Odpady z przygotowania, przetwórstwa produktów i używek spożywczych oraz odpady pochodzenia roślinnego, w tym odpady z owoców, warzyw, produktów zbożowych, olejów jadalnych, kakao, kawy, herbaty oraz przygotowania i przetwórstwa tytoniu, drożdży i produkcji ekstraktów drożdżowych, przygotowywania i fermentacji melasy (z wyłączeniem 02 07);63
02;03;01;B;Szlamy z mycia, oczyszczania, obierania, odwirowywania i oddzielania surowców;64
02;03;02;B;Odpady konserwantów;65
02;03;03;B;Odpady poekstrakcyjne;66
02;03;04;B;Surowce i produkty nie nadające się do spożycia i przetwórstwa;67
02;03;05;B;Osady z zakładowych oczyszczalni ścieków;68
02;03;80;B;Wytłoki, osady i inne odpady z przetwórstwa produktów roślinnych (z wyłączeniem 02 03 81);69
02;03;81;B;Odpady z produkcji pasz roślinnych;70
02;03;82;B;Odpady tytoniowe;71
02;03;99;B;Inne nie wymienione odpady;72
02;04;;B;Odpady z przemysłu cukrowniczego;73
02;04;01;B;Osady z oczyszczania i mycia buraków;74
02;04;02;B;Nienormatywny węglan wapnia oraz kreda cukrownicza (wapno defekacyjne);75
02;04;03;B;Osady z zakładowych oczyszczalni ścieków;76
02;04;80;B;Wysłodki;77
02;04;99;B;Inne nie wymienione odpady;78
02;05;;B;Odpady z przemysłu mleczarskiego;79
02;05;01;B;Surowce i produkty nieprzydatne do spożycia oraz przetwarzania;80
02;05;02;B;Osady z zakładowych oczyszczalni ścieków;81
02;05;80;B;Odpadowa serwatka;82
02;05;99;B;Inne nie wymienione odpady;83
02;06;;B;Odpady z przemysłu piekarniczego i cukierniczego;84
02;06;01;B;Surowce i produkty nieprzydatne do spożycia i przetwórstwa;85
02;06;02;B;Odpady konserwantów;86
02;06;03;B;Osady z zakładowych oczyszczalni ścieków;87
02;06;80;B;Nieprzydatne do wykorzystania tłuszcze spożywcze;88
02;06;99;B;Inne nie wymienione odpady;89
02;07;;B;Odpady z produkcji napojów alkoholowych i bezalkoholowych (z wyłączeniem kawy, herbaty i kakao);90
02;07;01;B;Odpady z mycia, oczyszczania i mechanicznego rozdrabniania surowców;91
02;07;02;B;Odpady z destylacji spirytualiów;92
02;07;03;B;Odpady z procesów chemicznych;93
02;07;04;B;Surowce i produkty nie przydatne do spożycia i przetwórstwa;94
02;07;05;B;Osady z zakładowych oczyszczalni ścieków;95
02;07;80;B;Wytłoki, osady moszczowe i pofermentacyjne, wywary;96
02;07;99;B;Inne nie wymienione odpady;97
03;;;B;Odpady z przetwórstwa drewna oraz z produkcji płyt i mebli, masy celulozowej, papieru i tektury;98
03;01;;B;Odpady z przetwórstwa drewna oraz z produkcji płyt i mebli;99
03;01;01;B;Odpady kory i korka;100
03;01;04;N;Trociny, wióry, ścinki, drewno, płyta wiórowa i fornir zawierające substancje niebezpieczne;101
03;01;05;B;Trociny, wióry, ścinki, drewno, płyta wiórowa i fornir inne niż wymienione w 03 01 04;102
03;01;80;N;Odpady z chemicznej przeróbki drewna zawierające substancje niebezpieczne;103
03;01;81;B;Odpady z chemicznej przeróbki drewna inne niż wymienione w 03 01 80;104
03;01;82;B;Osady z zakładowych oczyszczalni ścieków;105
03;01;99;B;Inne nie wymienione odpady;106
03;02;;B;Odpady powstające przy konserwacji drewna;107
03;02;01;N;Środki do konserwacji i impregnacji drewna nie zawierające związków chlorowcoorganicznych;108
03;02;02;N;Środki do konserwacji i impregnacji drewna zawierające związki chlorowcoorganiczne;109
03;02;03;N;Metaloorganiczne środki do konserwacji i impregnacji drewna;110
03;02;04;N;Nieorganiczne środki do konserwacji i impregnacji drewna;111
03;02;05;N;Inne środki do konserwacji i impregnacji drewna zawierające substancje niebezpieczne;112
03;02;99;B;Inne nie wymienione odpady;113
03;03;;B;Odpady z produkcji oraz z przetwórstwa masy celulozowej, papier;114
;;;B;Odpady z produkcji oraz z przetwórstwa masy celulozowej, papier;115
03;03;01;B;Odpady z kory i drewna;116
03;03;02;B;Osady i szlamy z produkcji celulozy metodą siarczynową (w tym osady ługu zielonego);117
03;03;05;B;Szlamy z odbarwiania makulatury;118
03;03;07;B;Mechanicznie wydzielone odrzuty z przeróbki makulatury i tektury;119
03;03;08;B;Odpady z sortowania papieru i tektury przeznaczone do recyklingu;120
03;03;09;B;Odpady szlamów defekosaturacyjnych;121
03;03;10;B;Odpady z włókna, szlamy z włókien, wypełniaczy i powłok pochodzące z mechanicznej separacji;122
03;03;11;B;Osady z zakładowych oczyszczalni ścieków inne niż wymienione w 03 03 10;123
03;03;80;B;Szlamy z procesów bielenia podchlorynem lub chlorem;124
03;03;81;B;Szlamy z innych procesów bielenia;125
03;03;99;B;Inne nie wymienione odpady;126
04;;;B;Odpady z przemysłu skórzanego, futrzarskiego i tekstylnego;127
04;01;;B;Odpady z przemysłu skórzanego i futrzarskiego;128
04;01;01;B;Odpady z mizdrowania (odzierki i dwoiny wapniowe);129
04;01;02;B;Odpady z wapnienia;130
04;01;03;N;Odpady z odtłuszczania zawierające rozpuszczalniki (bez fazy ciekłej);131
04;01;04;B;Brzeczka garbująca zawierająca chrom;132
04;01;05;B;Brzeczka garbująca nie zawierająca chromu;133
04;01;06;B;Osady zawierające chrom, zwłaszcza z zakładowych oczyszczalni ścieków;134
04;01;07;B;Osady nie zawierające chromu, zwłaszcza z zakładowych oczyszczalni ścieków;135
04;01;08;B;Odpady skóry wygarbowanej zawierające chrom (wióry, obcinki, pył ze szlifowania skór);136
04;01;09;B;Odpady z polerowania i wykańczania;137
04;01;99;B;Inne nie wymienione odpady;138
04;02;;B;Odpady z przemysłu tekstylnego;139
04;02;09;B;Odpady materiałów złożonych (np. tkaniny impregnowane, elastomery, plastomery);140
04;02;10;B;Substancje organiczne z produktów naturalnych (np. tłuszcze, woski);141
04;02;14;N;Odpady z wykańczania zawierające rozpuszczalniki organiczne;142
04;02;15;B;Odpady z wykańczania inne niż wymienione w 04 02 14;143
04;02;16;N;Barwniki i pigmenty zawierające substancje niebezpieczne;144
04;02;17;B;Barwniki i pigmenty inne niż wymienione w 04 02 16;145
66;66;66;B;Odpady inne niż niebezpieczne (kod wewnętrzny);910
04;02;19;N;Odpady z zakładowych oczyszczalni ścieków zawierające substancje niebezpieczne;146
04;02;20;B;Odpady z zakładowych oczyszczalni ścieków inne niż wymienione w 04 02 19;147
04;02;21;B;Odpady z nieprzetworzonych włókien tekstylnych;148
04;02;22;B;Odpady z przetworzonych włókien tekstylnych;149
04;02;80;B;Odpady z mokrej obróbki wyrobów tekstylnych;150
04;02;99;B;Inne nie wymienione odpady;151
05;;;B;Odpady z przeróbki ropy naftowej, oczyszczania gazu ziemnego oraz pirolitycznej przeróbki węgla;152
05;01;;B;Odpady z przeróbki (np. rafinacji) ropy naftowej;153
05;01;02;N;Osady z odsalania;154
05;01;03;N;Osady z dna zbiorników;155
05;01;04;N;Kwaśne szlamy z procesów alkilowania;156
05;01;05;N;Wycieki ropy naftowej;157
05;01;06;N;Zaolejone osady z konserwacji instalacji lub urządzeń;158
05;01;07;N;Kwaśne smoły;159
05;01;08;N;Inne smoły;160
05;01;09;N;Osady z zakładowych oczyszczalni ścieków zawierające substancje niebezpieczne;161
05;01;10;B;Osady z zakładowych oczyszczalni ścieków inne niż wymienione w 05 01 09;162
05;01;11;N;Odpady z alkalicznego oczyszczania paliw;163
05;01;12;N;Ropa naftowa zawierająca kwasy;164
05;01;13;B;Osady z uzdatniania wody kotłowej;165
05;01;14;B;Odpady z kolumn chłodniczych;166
05;01;15;N;Zużyte naturalne materiały filtracyjne (np. gliny, iły);167
05;01;16;B;Odpady zawierające siarkę z odsiarczania ropy naftowej;168
05;01;17;B;Bitum;169
05;01;99;B;Inne nie wymienione odpady;170
05;06;;B;Odpady z pirolitycznej przeróbki węgla;171
05;06;01;N;Kwaśne smoły;172
05;06;03;N;Inne smoły;173
05;06;04;B;Odpady z kolumn chłodniczych;174
05;06;80;N;Odpady ciekłe zawierające fenole;175
05;06;99;B;Inne nie wymienione odpady;176
05;07;;B;Odpady z oczyszczania i transportu gazu ziemnego;177
05;07;01;N;Osady zawierające rtęć;178
05;07;02;B;Odpady zawierające siarkę;179
05;07;99;B;Inne nie wymienione odpady;180
06;;;B;Odpady z produkcji, przygotowania, obrotu i stosowania produktów przemysłu chemii nieorganicznej;181
06;01;;B;Odpady z produkcji, przygotowania, obrotu i stosowania kwasów nieorganicznych;182
06;01;01;N;Kwas siarkowy i siarkawy;183
06;01;02;N;Kwas chlorowodorowy;184
06;01;03;N;Kwas fluorowodorowy;185
06;01;04;N;Kwas fosforowy i fosforawy;186
06;01;05;N;Kwas azotowy i azotawy;187
06;01;06;N;Inne kwasy;188
06;01;99;B;Inne nie wymienione odpady;189
06;02;;B;Odpady z produkcji, przygotowania, obrotu i stosowania wodorotlenków;190
06;02;01;N;Wodorotlenek wapniowy;191
06;02;03;N;Wodorotlenek amonowy;192
06;02;04;N;Wodorotlenek sodowy i potasowy;193
06;02;05;N;Inne wodorotlenki;194
06;02;99;B;Inne nie wymienione odpady;195
06;03;;B;Odpady z produkcji, przygotowania, obrotu i stosowania soli i ich roztworów oraz tlenków metali;196
06;03;11;N;Sole i roztwory zawierające cyjanki;197
06;03;13;N;Sole i roztwory zawierające metale ciężkie;198
06;03;14;B;Sole i roztwory inne niż wymienione w 06 03 11 i 06 03 13;199
06;03;15;N;Tlenki metali zawierające metale ciężkie;200
06;03;16;B;Tlenki metali inne niż wymienione w 06 03 15;201
06;03;99;B;Inne nie wymienione odpady;202
06;04;;B;Odpady zawierające metale inne niż wymienione w 06 03;203
06;04;03;N;Odpady zawierające arsen;204
06;04;04;N;Odpady zawierające rtęć;205
06;04;05;N;Odpady zawierające inne metale ciężkie;206
06;04;99;B;Inne nie wymienione odpady;207
06;05;;B;Osady z zakładowych oczyszczalni ścieków;208
06;05;02;N;Osady z zakładowych oczyszczalni ścieków zawierające substancje niebezpieczne;209
06;05;03;B;Osady z zakładowych oczyszczalni ścieków inne niż wymienione w 06 05 02;210
06;06;;B;Odpady z produkcji, przygotowania, obrotu i stosowania związków siarki oraz z chemicznych procesów przetwórstwa siarki i odsiarczania;211
06;06;02;N;Odpady zawierające niebezpieczne siarczki;212
06;06;03;B;Odpady zawierające siarczki inne niż wymienione w 06 06 02;213
06;06;99;B;Inne nie wymienione odpady;214
06;07;;B;Odpady z produkcji, przygotowania, obrotu i stosowania chlorowców oraz z chemicznych procesów przetwórstwa chloru;215
06;07;01;N;Odpady azbestowe z elektrolizy;216
06;07;02;N;Węgiel aktywny z produkcji chloru;217
06;07;03;N;Osady siarczanu baru zawierające rtęć;218
06;07;04;N;Roztwory i kwasy (np. kwas siarkowy);219
06;07;99;B;Inne nie wymienione odpady;220
06;08;;B;Odpady z produkcji, przygotowania, obrotu i stosowania krzemu oraz pochodnych krzemu;221
06;08;02;N;Odpady zawierające niebezpieczne silikony;222
06;08;99;B;Inne nie wymienione odpady;223
06;09;;B;Odpady z produkcji, przygotowania, obrotu i stosowania chemikaliów fosforowych oraz z chemicznych procesów przetwórstwa fosforu;224
06;09;02;B;Żużel fosforowy;225
06;09;03;N;Poreakcyjne odpady związków wapnia zawierające lub zanieczyszczone substancjami niebezpiecznymi;226
06;09;04;B;Poreakcyjne odpady związków wapnia inne niż wymienione w 06 09 03 i 06 09 80;227
06;09;80;B;Fosfogipsy;228
06;09;81;B;Fosfogipsy wymieszane z żużlami, popiołami paleniskowymi, i pyłami z kotłów (z wyłączeniem pyłów z kotłów wymienionych w 10 01 04);229
06;09;99;B;Inne nie wymienione odpady;230
06;10;;B;Odpady z produkcji, przygotowania, obrotu i stosowania chemikaliów azotowych, z chemicznych procesów przetwórstwa azotu oraz z produkcji nawozów azotowych i innych;231
06;10;02;N;Odpady zawierające substancje niebezpieczne;232
06;10;99;B;Inne nie wymienione odpady;233
06;11;;B;Odpady z produkcji pigmentów oraz zmętniaczy nieorganicznych;234
06;11;01;B;Poreakcyjne odpady związków wapnia z produkcji dwutlenku tytanu;235
06;11;80;B;Odpady z produkcji związków cyrkonu;236
06;11;81;B;Odpady z produkcji związków chromu;237
06;11;82;B;Odpady z produkcji związków kobaltu;238
06;11;83;B;Odpadowy siarczan żelazaowy;239
06;11;99;B;Inne nie wymienione odpady;240
06;13;;B;Odpady z innych nieorganicznych procesów chemicznych;241
06;13;01;N;Nieorganiczne środki ochrony roślin (np. pestycydy), środki do konserwacji drewna oraz inne biocydy;242
06;13;02;N;Zużyty węgiel aktywny (z wyłączeniem 06 07 02);243
06;13;03;B;Czysta sadza;244
06;13;04;N;Odpady z przetwarzania azbestu;245
10;10;12;B;Inne cząsteczki stałe niż wymienione w 10 10 11;913
06;13;05;N;Sadza zawierająca lub zanieczyszczona substancjami niebezpiecznymi;246
06;13;99;B;Inne nie wymienione odpady;247
07;;;B;Odpady z produkcji, przygotowania, obrotu i stosowania produktów przemysłu chemii organicznej;248
07;01;;B;Odpady z produkcji, przygotowania, obrotu i stosowania podstawowych produktów przemysłu chemii organicznej;249
07;01;01;N;Wody popłuczne i ługi macierzyste;250
07;01;03;N;Rozpuszczalniki chlorowcoorganiczne, roztwory z przemywania i ciecze macierzyste;251
07;01;04;N;Inne rozpuszczalniki organiczne, roztwory z przemywania i ciecze macierzyste;252
07;01;07;N;Pozostałości podestylacyjne i poreakcyjne zawierające związki chlorowców;253
07;01;08;N;Inne pozostałości podestylacyjne i poreakcyjne;254
07;01;09;N;Zużyte sorbenty i osady pofiltracyjne zawierające związki chlorowców;255
07;01;10;N;Inne zużyte sorbenty i osady pofiltracyjne;256
07;01;11;N;Osady z zakładowych oczyszczalni ścieków zawierające substancje niebezpieczne;257
07;01;12;B;Osady z zakładowych oczyszczalni ścieków inne niż wymienione w 07 01 11;258
07;01;80;B;Wapno pokarbidowe nie zawierające substancji niebezpiecznych (inne niż wymienione w 07 01 08);259
07;01;99;B;Inne nie wymienione odpady;260
07;02;;B;Odpady z produkcji, przygotowania, obrotu i stosowania tworzyw sztucznych oraz kauczuków i włókien syntetycznych;261
07;02;01;N;Wody popłuczne i ługi macierzyste;262
07;02;03;N;Rozpuszczalniki chlorowcoorganiczne, roztwory z przemywania i ciecze macierzyste;263
07;02;04;N;Inne rozpuszczalniki organiczne, roztwory z przemywania i ciecze macierzyste;264
07;02;07;N;Pozostałości podestylacyjne i poreakcyjne zawierające związki chlorowców;265
07;02;08;N;Inne pozostałości podestylacyjne i poreakcyjne;266
07;02;09;N;Zużyte sorbenty i osady pofiltracyjne zawierające związki chlorowców;267
07;02;10;N;Inne zużyte sorbenty i osady pofiltracyjne;268
07;02;11;N;Osady z zakładowych oczyszczalni ścieków zawierające substancje niebezpieczne;269
07;02;12;B;Osady z zakładowych oczyszczalni ścieków inne niż wymienione w 07 02 11;270
07;02;13;B;Odpady tworzyw sztucznych;271
07;02;14;N;Odpady z dodatków zawierające substancje niebezpieczne (np. plastyfikatory, stabilizatory);272
07;02;15;B;Odpady z dodatków inne niż wymienione w 07 02 14;273
07;02;16;N;Odpady zawierające niebezpieczne silikony;274
07;02;17;B;Odpady zawierające silikony inne niż wymienione w 07 02 16;275
07;02;80;B;Odpady z przemysłu gumowego i produkcji gumy;276
07;02;99;B;Inne nie wymienione odpady;277
07;03;;B;Odpady z produkcji, przygotowania, obrotu i stosowania organicznych barwników oraz pigmentów (z wyłączeniem podgrupy 06 11);278
07;03;01;N;Wody popłuczne i ługi macierzyste;279
07;03;03;N;Rozpuszczalniki chlorowcoorganiczne, roztwory z przemywania i ciecze macierzyste;280
07;03;04;N;Inne rozpuszczalniki organiczne, roztwory z przemywania i ciecze macierzyste;281
07;03;07;N;Pozostałości podestylacyjne i poreakcyjne zawierające związki chlorowców;282
07;03;08;N;Inne pozostałości podestylacyjne i poreakcyjne;283
07;03;09;N;Zużyte sorbenty i osady pofiltracyjne zawierające związki chlorowców;284
07;03;10;N;Inne zużyte sorbenty i osady pofiltracyjne;285
07;03;11;N;Osady z zakładowych oczyszczalni ścieków zawierające substancje niebezpieczne;286
07;03;12;B;Osady z zakładowych oczyszczalni ścieków inne niż wymienione w 07 03 11;287
07;03;99;B;Inne nie wymienione odpady;288
10;13;99;B;Inne niewymienione odpady;914
07;04;;B;Odpady z produkcji, przygotowania, obrotu i stosowania organicznych środków ochrony roślin (z wyłączeniem 02 01 08 i 02 01 09), środków do konserwacji drewna (z wyłączeniem 03 02) i innych biocydów;289
07;04;01;N;Wody popłuczne i ługi macierzyste;290
07;04;03;N;Rozpuszczalniki chlorowcoorganiczne, roztwory z przemywania i ciecze macierzyste;291
07;04;04;N;Inne rozpuszczalniki organiczne, roztwory z przemywania i ciecze macierzyste;292
07;04;07;N;Pozostałości podestylacyjne i poreakcyjne zawierające związki chlorowców;293
07;04;08;N;Inne pozostałości podestylacyjne i poreakcyjne;294
07;04;09;N;Zużyte sorbenty i osady pofiltracyjne zawierające związki chlorowców;295
07;04;10;N;Inne zużyte sorbenty i osady pofiltracyjne;296
07;04;11;N;Osady z zakładowych oczyszczalni ścieków zawierające substancje niebezpieczne;297
07;04;12;B;Osady z zakładowych oczyszczalni ścieków inne niż wymienione w 07 04 11;298
07;04;13;N;Odpady stałe zawierające substancje niebezpieczne;299
07;04;80;N;Przeterminowane środki ochrony roślin I i II klasy toksyczności (bardzo toksyczne i toksyczne);300
07;04;81;B;Przeterminowane środki ochrony roślin inne niż wymienione w 07 04 80;301
07;04;99;B;Inne nie wymienione odpady;302
07;05;;B;Odpady z produkcji, przygotowania, obrotu i stosowania farmaceutyków;303
07;05;01;N;Wody popłuczne i ługi macierzyste;304
07;05;03;N;Rozpuszczalniki chlorowcoorganiczne, roztwory z przemywania i ciecze macierzyste;305
07;05;04;N;Inne rozpuszczalniki organiczne, roztwory z przemywania i ciecze macierzyste;306
07;05;07;N;Pozostałości podestylacyjne i poreakcyjne zawierające związki chlorowców;307
07;05;08;N;Inne pozostałości podestylacyjne i poreakcyjne;308
07;05;09;N;Zużyte sorbenty i osady pofiltracyjne zawierające związki chlorowców;309
07;05;10;N;Inne zużyte sorbenty i osady pofiltracyjne;310
07;05;11;N;Osady z zakładowych oczyszczalni ścieków zawierające substancje niebezpieczne;311
07;05;12;B;Osady z zakładowych oczyszczalni ścieków inne niż wymienione w 07 05 11;312
07;05;13;N;Odpady stałe zawierające substancje niebezpieczne;313
07;05;14;B;Odpady stałe inne niż wymienione w 07 05 13;314
07;05;80;N;Odpady ciekłe zawierające substancje niebezpieczne;315
07;05;81;B;Odpady ciekłe inne niż wymienione w 07 05 80;316
07;05;99;B;Inne nie wymienione odpady;317
07;06;;B;Odpady z produkcji, przygotowania, obrotu i stosowania tłuszczów, natłustek, mydeł, detergentów, środków dezynfekujących i kosmetyków;318
07;06;01;N;Wody popłuczne i ługi macierzyste;319
07;06;03;N;Rozpuszczalniki chlorowcoorganiczne, roztwory z przemywania i ciecze macierzyste;320
07;06;04;N;Inne rozpuszczalniki organiczne, roztwory z przemywania i ciecze macierzyste;321
07;06;07;N;Pozostałości podestylacyjne i poreakcyjne zawierające związki chlorowców;322
07;06;08;N;Inne pozostałości podestylacyjne i poreakcyjne;323
07;06;09;N;Zużyte sorbenty i osady pofiltracyjne zawierające związki chlorowców;324
07;06;10;N;Inne zużyte sorbenty i osady pofiltracyjne;325
07;06;11;N;Osady z zakładowych oczyszczalni ścieków zawierające substancje niebezpieczne;326
07;06;12;B;Osady z zakładowych oczyszczalni ścieków inne niż wymienione w 07 06 11;327
07;06;80;B;Ziemia bieląca z rafinacji oleju;328
07;06;81;B;Zwroty kosmetyków i próbek;329
07;06;99;B;Inne nie wymienione odpady;330
07;07;;B;Odpady z produkcji, przygotowania, obrotu i stosowania innych nie wymienionych produktów chemicznych;331
07;07;01;N;Wody popłuczne i ługi macierzyste;332
07;07;03;N;Rozpuszczalniki chlorowcoorganiczne, roztwory z przemywania i ciecze macierzyste;333
07;07;04;N;Inne rozpuszczalniki organiczne, roztwory z przemywania i ciecze macierzyste;334
07;07;07;N;Pozostałości podestylacyjne i poreakcyjne zawierające związki chlorowców;335
07;07;08;N;Inne pozostałości podestylacyjne i poreakcyjne;336
07;07;09;N;Zużyte sorbenty i osady pofiltracyjne zawierające związki chlorowców;337
07;07;10;N;Inne zużyte sorbenty i osady pofiltracyjne;338
07;07;11;N;Osady z zakładowych oczyszczalni ścieków zawierające substancje niebezpieczne;339
07;07;12;B;Osady z zakładowych oczyszczalni ścieków inne niż wymienione w 07 07 11;340
07;07;99;B;Inne nie wymienione odpady;341
08;;;B;Odpady z produkcji, przygotowania, obrotu i stosowania powłok ochronnych (farb, lakierów, emalii ceramicznych), kitu, klejów, szczeliw i farb drukarskich;342
08;01;;B;Odpady z produkcji, przygotowania, obrotu i stosowania oraz usuwania farb i lakierów;343
08;01;11;N;Odpady farb i lakierów zawierających rozpuszczalniki organiczne lub inne substancje niebezpieczne;344
08;01;12;B;Odpady farb i lakierów inne niż wymienione w 08 01 11;345
08;01;13;N;Szlamy z usuwania farb i lakierów zawierające rozpuszczalniki organiczne lub inne substancje niebezpieczne;346
08;01;14;B;Szlamy z usuwania farb i lakierów inne niż wymienione w 08 01 13;347
08;01;15;N;Szlamy wodne zawierające farby i lakiery zawierające rozpuszczalniki organiczne lub inne substancje niebezpieczne;348
08;01;16;B;Szlamy wodne zawierające farby i lakiery inne niż wymienione w 08 01 15;349
08;01;17;N;Odpady z usuwania farb i lakierów zawierające rozpuszczalniki organiczne lub inne substancje niebezpieczne;350
08;01;18;B;Odpady z usuwania farb i lakierów inne niż wymienione w 08 01 17;351
08;01;19;N;Zawiesiny wodne farb lub lakierów zawierające rozpuszczalniki organiczne lub inne substancje niebezpieczne;352
08;01;20;B;Zawiesiny wodne farb lub lakierów inne niż wymienione w 08 01 19;353
08;01;21;N;Zmywacz farb lub lakierów;354
08;01;99;B;Inne nie wymienione odpady;355
08;02;;B;Odpady z produkcji, przygotowania, obrotu i stosowania innych powłok (w tym materiałów ceramicznych;356
08;02;01;B;Odpady proszków powlekających;357
08;02;02;B;Szlamy wodne zawierające materiały ceramiczne;358
08;02;03;B;Zawiesiny wodne zawierające materiały ceramiczne;359
08;02;99;B;Inne nie wymienione odpady;360
08;03;;B;Odpady z produkcji, przygotowania, obrotu i stosowania farb drukarskich;361
08;03;07;B;Szlamy wodne zawierające farby drukarskie;362
08;03;08;B;Odpady ciekłe zawierające farby drukarskie;363
08;03;12;N;Odpady farb drukarskich zawierające substancje niebezpieczne;364
08;03;13;B;Odpady farb drukarskich inne niż wymienione w 08 03 12;365
08;03;14;N;Szlamy farb drukarskich zawierające substancje niebezpieczne;366
08;03;15;B;Szlamy farb drukarskich inne niż wymienione w 08 03 14;367
08;03;16;N;Zużyte roztwory trawiące;368
08;03;17;N;Odpadowy toner drukarski zawierający substancje niebezpieczne;369
08;03;18;B;Odpadowy toner drukarski inny niż wymieniony w 08 03 17;370
08;03;19;N;Zdyspergowany olej zawierający substancje niebezpieczne;371
08;03;80;B;Zdyspergowany olej inny niż wymieniony w 08 03 19;372
08;03;99;B;Inne nie wymienione odpady;373
08;04;;B;Odpady z produkcji, przygotowania, obrotu i stosowania klejów oraz szczeliw (w tym środki do impregnacji wodoszczelnej;374
08;04;09;N;Odpadowe kleje i szczeliwa zawierające rozpuszczalniki organiczne lub inne substancje niebezpieczne;375
08;04;10;B;Odpadowe kleje i szczeliwa inne niż wymienione w 08 04 09;376
08;04;11;N;Osady z klejów i szczeliw zawierające rozpuszczalniki organiczne lub inne substancje niebezpieczne;377
08;04;12;B;Osady z klejów i szczeliw inne niż wymienione w 08 04 11;378
08;04;13;N;Uwodnione szlamy klejów lub szczeliw zawierające rozpuszczalniki organiczne lub inne substancje niebezpieczne;379
08;04;14;B;Uwodnione szlamy klejów lub szczeliw inne niż wymienione w 08 04 13;380
08;04;15;N;Odpady ciekłe klejów lub szczeliw zawierające rozpuszczalniki organiczne lub inne substancje niebezpieczne;381
08;04;16;B;Odpady ciekłe klejów lub szczeliw inne niż wymienione w 08 04 15;382
08;04;17;N;Olej żywiczny;383
08;04;99;B;Inne nie wymienione odpady;384
08;05;;B;Odpady nie ujęte w innych podgrupach grupy 08;385
08;05;01;N;Odpady izocyjanianów;386
09;;;B;Odpady z przemysłu fotograficznego i usług fotograficznych;387
09;01;;B;Odpady z przemysłu fotograficznego i usług fotograficznych;388
09;01;01;N;Wodne roztwory wywoływaczy i aktywatorów;389
09;01;02;N;Wodne roztwory wywoływaczy do płyt offsetowych;390
09;01;03;N;Roztwory wywoływaczy opartych na rozpuszczalnikach;391
09;01;04;N;Roztwory utrwalaczy;392
09;01;05;N;Roztwory wybielaczy i kąpieli wybielająco-utrwalających;393
09;01;06;N;Osady z zakładowych oczyszczalni ścieków zawierające srebro;394
09;01;07;B;Błony i papier fotograficzny zawierające srebro lub związki srebra;395
09;01;08;B;Błony i papier fotograficzny nie zawierające srebra;396
09;01;10;B;Aparaty fotograficzne jednorazowego użytku bez baterii;397
09;01;11;N;Aparaty fotograficzne jednorazowego użytku zawierające baterie wymienione w 16 06 01, 16 06 02 lub 16 06 03;398
09;01;12;B;Aparaty fotograficzne jednorazowego użytku zawierające baterie inne niż wymienione w 09 01 11;399
09;01;13;N;Odpady ciekłe z zakładowej regeneracji srebra inne niż wymienione w 09 01 06;400
09;01;80;N;Przeterminowane odczynniki fotograficzne;401
09;01;99;B;Inne nie wymienione odpady;402
10;;;B;Odpady z procesów termicznych;403
10;01;;B;Odpady z elektrowni i innych zakładów energetycznego spalania paliw (z wyłączeniem grupy 19);404
10;01;01;B;Żużle, popioły paleniskowe i pyły z kotłów (z wyłączeniem pyłów z kotłów wymienionych w 10 01 04);405
10;01;02;B;Popioły lotne z węgla;406
10;01;03;B;Popioły lotne z torfu i drewna nie poddanego obróbce chemicznej;407
10;01;04;N;Popioły lotne i pyły z kotłów z paliw płynnych;408
10;01;05;B;Stałe odpady z wapniowych metod odsiarczania gazów odlotowych;409
10;01;07;B;Produkty z wapniowych metod odsiarczania gazów odlotowych odprowadzane w postaci szlamu;410
10;01;09;N;Kwas siarkowy;411
10;01;13;N;Popioły lotne z emulgowanych węglowodorów stosowanych jako paliwo;412
10;01;14;N;Popioły paleniskowe, żużle i pyły z kotłów ze współspalania zawierające substancje niebezpieczne;413
10;01;15;B;Popioły paleniskowe, żużle i pyły z kotłów ze współspalania inne niż wymienione w 10 01 14;414
10;01;16;N;Popioły lotne ze współspalania zawierające substancje niebezpieczne;415
10;01;17;B;Popioły lotne ze współspalania inne niż wymienione w 10 01 16;416
10;01;18;N;Odpady z oczyszczania gazów odlotowych zawierające substancje niebezpieczne;417
10;01;19;B;Odpady z oczyszczania gazów odlotowych inne niż wymienione w 10 01 05, 10 01 07 i 10 01 18;418
10;01;20;N;Osady z zakładowych oczyszczalni ścieków zawierające substancje niebezpieczne;419
10;01;21;B;Osady z zakładowych oczyszczalni ścieków inne niż wymienione w 10 01 20;420
10;01;22;N;Uwodnione szlamy z czyszczenia kotłów zawierające substancje niebezpieczne;421
10;01;23;B;Uwodnione szlamy z czyszczenia kotłów inne niż wymienione w 10 01 22;422
10;01;24;B;Piaski ze złóż fluidalnych (z wyłączeniem 10 01 82);423
10;01;25;B;Odpady z przechowywania i przygotowania paliw dla opalanych węglem elektrowni;424
10;01;26;B;Odpady z uzdatniania wody chłodzącej;425
10;01;80;B;Mieszanki popiołowo-żużlowe z mokrego odprowadzania odpadów paleniskowych;426
10;01;81;B;Mikrosfery z popiołów lotnych;427
10;01;82;B;Mieszaniny popiołów lotnych i odpadów stałych z wapniowych metod odsiarczania gazów odlotowych (metody suche i półsuche odsiarczania spalin oraz spalanie w złożu fluidalnym);428
10;01;99;B;Inne nie wymienione odpady;429
10;02;;B;Odpady z hutnictwa żelaza i stali;430
10;02;01;B;Żużle z procesów wytapiania (wielkopiecowe, stalownicze);431
10;02;02;B;Nieprzerobione żużle z innych procesów;432
10;02;07;N;Odpady stałe z oczyszczania gazów odlotowych zawierające substancje niebezpieczne;433
10;02;08;B;Odpady stałe z oczyszczania gazów odlotowych inne niż wymienione w 10 02 07;434
10;02;10;B;Zgorzelina walcownicza;435
10;02;11;N;Odpady z uzdatniania wody chłodzącej zawierające oleje;436
10;02;12;B;Odpady z uzdatniania wody chłodzącej inne niż wymienione w 10 02 11;437
10;02;13;N;Szlamy i osady pofiltracyjne z oczyszczania gazów odlotowych zawierające substancje niebezpieczne;438
10;02;14;B;Szlamy i osady pofiltracyjne z oczyszczania gazów odlotowych inne niż wymienione w 10 02 13;439
10;02;15;B;Inne szlamy i osady pofiltracyjne;440
10;02;80;B;Zgary z hutnictwa żelaza;441
10;02;81;B;Odpadowy siarczan żelazawy;442
10;02;99;B;Inne nie wymienione odpady;443
10;03;;B;Odpady z hutnictwa aluminium;444
10;03;02;B;Odpadowe anody;445
10;03;04;N;Żużle z produkcji pierwotnej;446
10;03;05;B;Odpady tlenku glinu;447
10;03;08;N;Słone żużle z produkcji wtórnej;448
10;03;09;N;Czarne kożuchy żużlowe z produkcji wtórnej;449
10;03;15;N;Zgary z wytopu o właściwościach palnych lub wydzielająca w zetknięciu z wodą gazy palne w niebezpiecznych ilościach;450
10;03;16;B;Zgary z wytopu inna niż wymieniona w 10 03 15;451
10;03;17;N;Odpady zawierające smołę z produkcji anod;452
10;03;18;B;Odpady zawierające węgiel z produkcji anod inne niż wymienione w 10 03 17;453
10;03;19;N;Pyły z gazów odlotowych zawierające substancje niebezpieczne;454
10;03;20;B;Pyły z gazów odlotowych inne niż wymienione w 10 03 19;455
10;03;21;N;Inne cząstki stałe i pyły (łącznie z pyłami z młynów kulowych) zawierające substancje niebezpieczne;456
10;03;22;B;Inne cząstki stałe i pyły (łącznie z pyłami z młynów kulowych) inne niż wymienione w 10 03 21;457
10;03;23;N;Odpady stałe z oczyszczania gazów odlotowych zawierające substancje niebezpieczne;458
10;03;24;B;Odpady stałe z oczyszczania gazów odlotowych inne niż wymienione w 10 03 23;459
10;03;25;N;Szlamy i osady pofiltracyjne z oczyszczania gazów odlotowych zawierające substancje niebezpieczne;460
10;03;26;B;Szlamy i osady pofiltracyjne z oczyszczania gazów odlotowych inne niż wymienione w 10 03 25;461
10;03;27;N;Odpady z uzdatniania wody chłodzącej zawierające oleje;462
10;03;28;B;Odpady z uzdatniania wody chłodzącej inne niż wymienione w 10 03 27;463
10;03;29;N;Odpady z przetwarzania słonych żużli i czarnych kożuchów żużlowych zawierające substancje niebezpieczne;464
10;03;30;B;Odpady z przetwarzania słonych żużli i czarnych kożuchów żużlowych inne niż wymienione w 10 03 29;465
10;03;99;B;Inne nie wymienione odpady;466
11;;;B;Odpady z chemicznej obróbki i powlekania powierzchni metali oraz innych materiałów i z procesów hydrometalurgii metali nieżelaznych;467
11;01;;B;Odpady z obróbki i powlekania metali oraz innych materiałów (np. procesów galwanicznych, cynkowania, wytrawiania, fosforanowania, alkalicznego odtłuszczania, anodowania);468
11;01;05;N;Kwasy trawiące;469
11;01;06;N;Odpady zawierające kwasy inne niż wymienione w 11 01 05;470
11;01;07;N;Alkalia trawiące;471
11;01;08;N;Osady i szlamy z fosforanowania;472
11;01;09;N;Szlamy i osady pofiltracyjne zawierające substancje niebezpieczne;473
11;01;10;B;Szlamy i osady pofiltracyjne inne niż wymienione w 11 01 09;474
11;01;11;N;Wody popłuczne zawierające substancje niebezpieczne;475
11;01;12;B;Wody popłuczne inne niż wymienione w 11 01 11;476
11;01;13;N;Odpady z odtłuszczania zawierające substancje niebezpieczne;477
11;01;14;B;Odpady z odtłuszczania inne niż wymienione w 11 01 13;478
11;01;15;N;Odcieki i szlamy z systemów membranowych lub systemów wymiany jonowej zawierające substancje niebezpieczne;479
11;01;16;N;Nasycone lub zużyte żywice jonowymienne;480
11;01;98;N;Inne odpady zawierające substancje niebezpieczne;481
11;01;99;B;Inne nie wymienione odpady;482
11;02;;B;Odpady i szlamy z hydrometalurgii metali nieżelaznych;483
11;02;02;N;Szlamy z hydrometalurgii cynku (w tym jarozyt i getyt);484
11;02;03;B;Odpady z produkcji anod dla procesów elektrolizy;485
11;02;05;N;Odpady z hydrometalurgii miedzi zawierające substancje niebezpieczne;486
11;02;06;B;Odpady z hydrometalurgii miedzi inne niż wymienione w 11 02 05;487
11;02;07;N;Inne odpady zawierające substancje niebezpieczne;488
11;02;99;B;Inne nie wymienione odpady;489
12;;;B;Odpady z kształtowania oraz fizycznej i mechanicznej obróbki powierzchni metali i tworzyw sztucznych;490
12;01;;B;Odpady z kształtowania oraz fizycznej i mechanicznej obróbki powierzchni metali i tworzyw sztucznych;491
12;01;01;B;Odpady zawierające cyjanki;492
12;01;02;B;Cząstki i pyły żelaza oraz jego stopów;493
12;01;03;B;Odpady z toczenia i piłowania metali nieżelaznych;494
12;01;04;B;Cząstki i pyły metali nieżelaznych;495
12;01;05;B;Odpady z toczenia i wygładzania tworzyw sztucznych;496
12;01;06;N;Odpadowe oleje mineralne z obróbki metali zawierające chlorowce (z wyłączeniem emulsji i roztworów);497
12;01;07;N;Odpadowe oleje mineralne z obróbki metali nie zawierające chlorowców (z wyłączeniem emulsji i roztworów);498
12;01;08;N;Odpadowe emulsje i roztwory olejowe z obróbki metali zawierające chlorowce;499
12;01;09;N;Odpadowe emulsje i roztwory z obróbki metali nie zawierające chlorowców;500
12;01;10;N;Syntetyczne oleje z obróbki metali;501
12;01;12;N;Zużyte woski i tłuszcze;502
12;01;13;B;Odpady spawalnicze;503
12;01;14;N;Szlamy z obróbki metali zawierające substancje niebezpieczne;504
12;01;15;B;Szlamy z obróbki metali inne niż wymienione w 12 01 14;505
12;01;16;N;Odpady poszlifierskie zawierające substancje niebezpieczne;506
12;01;17;B;Odpady poszlifierskie inne niż wymienione w 12 01 16;507
12;01;18;N;Szlamy z obróbki metali zawierające oleje (np. szlamy z szlifowania, gładzenia i pokrywania);508
12;01;19;N;Oleje z obróbki metali łatwo ulegające biodegradacji;509
12;01;20;N;Zużyte materiały szlifierskie zawierające substancje niebezpieczne;510
12;01;21;B;Zużyte materiały szlifierskie inne niż wymienione w 12 01 20;511
12;01;99;B;Inne nie wymienione odpady;512
12;03;;B;Odpady z odtłuszczania wodą i parą (z wyłączeniem grupy 11);513
12;03;01;N;Wodne ciecze myjące;514
12;03;02;N;Odpady z odtłuszczania parą;515
13;;;B;Oleje odpadowe i odpady ciekłych paliw (z wyłączeniem olejów jadalnych oraz grup 05, 12 i 19);516
13;01;;B;Odpadowe oleje hydrauliczne;517
13;01;01;N;Oleje hydrauliczne zawierające PCB;518
13;01;04;N;Emulsje olejowe zawierające związki chlorowcoorganiczne;519
13;01;05;N;Emulsje olejowe nie zawierające związków chlorowcoorganicznych;520
13;01;09;N;Mineralne oleje hydrauliczne zawierające związki chlorowcoorganiczne;521
13;01;10;N;Mineralne oleje hydrauliczne nie zawierające związków chlorowcoorganicznych;522
13;01;11;N;Syntetyczne oleje hydrauliczne;523
13;01;12;N;Oleje hydrauliczne łatwo ulegające biodegradacji;524
13;01;13;N;Inne oleje hydrauliczne;525
13;02;;B;Odpadowe oleje silnikowe, przekładniowe i smarowe;526
13;02;04;N;Mineralne oleje silnikowe, przekładniowe i smarowe zawierające związki chlorowcoorganiczne;527
13;02;05;N;Mineralne oleje silnikowe, przekładniowe i smarowe nie zawierające związków chlorowcoorganicznych;528
13;02;06;N;Syntetyczne oleje silnikowe, przekładniowe i smarowe;529
13;02;07;N;Oleje silnikowe, przekładniowe i smarowe łatwo ulegające biodegradacji;530
13;02;08;N;Inne oleje silnikowe, przekładniowe i smarowe;531
13;03;;B;Odpadowe oleje i ciecze stosowane jako elektroizolatory oraz nośniki ciepła;532
13;03;01;N;Oleje i ciecze stosowane jako elektroizolatory i nośniki ciepła zawierające PCB;533
13;03;06;N;Mineralne oleje i ciecze stosowane jako elektroizolatory oraz nośniki ciepła zawierające związki chlorowcoorganiczne inne niż wymienione w 13 03 01;534
13;03;07;N;Mineralne oleje i ciecze stosowane jako elektroizolatory oraz nośniki ciepła nie zawierające związków chlorowcoorganicznych;535
13;03;08;N;Syntetyczne oleje i ciecze stosowane jako elektroizolatory oraz nośniki ciepła inne niż wymienione w 13 03 01;536
13;03;09;N;Oleje i ciecze stosowane jako elektroizolatory oraz nośniki ciepła łatwo ulegające biodegradacji;537
13;03;10;N;Inne oleje i ciecze stosowane jako elektroizolatory oraz nośniki ciepła;538
13;04;;B;Oleje zęzowe;539
13;04;01;N;Oleje zęzowe ze statków żeglugi śródlądowej;540
13;04;02;N;Oleje zęzowe z nabrzeży portowych;541
13;04;03;N;Oleje zęzowe ze statków morskich;542
13;05;;B;Odpady z odwadniania olejów w separatorach;543
13;05;01;N;Odpady stałe z piaskowników i z odwadniania olejów w separatorach;544
13;05;02;N;Szlamy z odwadniania olejów w separatorach;545
13;05;03;N;Szlamy z kolektorów;546
13;05;06;N;Olej z odwadniania olejów w separatorach;547
13;05;07;N;Zaolejona woda z odwadniania olejów w separatorach;548
13;05;08;N;Mieszanina odpadów z piaskowników i z odwadniania olejów w separatorach;549
13;08;;B;Odpady olejowe nie ujęte w innych podgrupach;550
13;08;01;N;Olej opałowy i olej napędowy;551
13;08;02;N;Inne emulsje;552
13;08;80;B;Zaolejone odpady stałe ze statków;553
13;08;99;N;Inne nie wymienione odpady;554
14;;;B;Odpady z rozpuszczalników organicznych, chłodziw i propelentów (z wyłączeniem grup 07 i 08);555
14;06;;B;Odpady z rozpuszczalników organicznych, chłodziw i propelentów w pianach lub aerozolach;556
14;06;01;N;CFC, HCFC, HFC;557
14;06;02;N;Inne chlorowcoorganiczne rozpuszczalniki i mieszaniny rozpuszczalników;558
14;06;03;N;Inne rozpuszczalniki i mieszaniny rozpuszczalników;559
14;06;04;N;Szlamy i odpady stałe zawierające rozpuszczalniki chlorowcoorganiczne;560
14;06;05;N;Szlamy i odpady stałe zawierające inne rozpuszczalniki;561
15;;;B;Odpady opakowaniow;562
15;01;;B;Odpady opakowaniowe (włącznie z selektywnie gromadzonymi komunalnymi odpadami opakowaniowymi;563
15;01;01;B;Opakowania z papieru i tektury;564
15;01;02;B;Opakowania z tworzyw sztucznych;565
15;01;03;B;Opakowania z drewna;566
15;01;04;B;Opakowania z metali;567
15;01;05;B;Opakowania wielomateriałowe;568
15;01;06;B;Zmieszane odpady opakowaniowe;569
15;01;07;B;Opakowania ze szkła;570
15;01;09;B;Opakowania z tekstyliów;571
15;01;10;N;Opakowania zawierające pozostałości substancji niebezpiecznych lub nimi zanieczyszczone (np. środkami ochrony roślin I i II klasy toksyczności - bardzo toksyczne i toksyczne);572
15;01;11;N;Opakowania z metali zawierające niebezpieczne porowate elementy wzmocnienia konstrukcyjnego (np. azbest), włącznie z pustymi pojemnikami ciśnieniowymi;573
15;02;;B;Sorbenty, materiały filtracyjne, tkaniny do wycierania i ubrania ochronne;574
15;02;02;N;Sorbenty, materiały filtracyjne (w tym filtry olejowe nie ujęte w innych grupach), tkaniny do wycierania (np. szmaty, ścierki) i ubrania ochronne zanieczyszczone substancjami niebezpiecznymi (np. PCB);575
15;02;03;B;Sorbenty, materiały filtracyjne, tkaniny do wycierania (np. szmaty, ścierki) i ubrania ochronne inne niż wymienione w 15 02 02;576
16;;;B;Odpady nie ujęte w innych grupach;577
16;01;;B;Zużyte lub nie nadające się do użytkowania pojazdy (włączając maszyny pozadrogowe), odpady z demontażu, przeglądu i konserwacji pojazdów (z wyłączeniem grup 13 i 14 oraz podgrup 16 06 i 16 08);578
16;01;03;B;Zużyte opony;579
16;01;04;N;Zużyte lub nie nadające się do użytkowania pojazdy;580
16;01;06;B;Zużyte lub nie nadające się do użytkowania pojazdy nie zawierające cieczy i innych niebezpiecznych elementów;581
16;01;07;N;Filtry olejowe;582
16;01;08;N;Elementy zawierające rtęć;583
16;01;09;N;Elementy zawierające PCB;584
16;01;10;N;Elementy wybuchowe (np. poduszki powietrzne);585
16;01;11;N;Okładziny hamulcowe zawierające azbest;586
16;01;12;B;Okładziny hamulcowe inne niż wymienione w 16 01 11;587
16;01;13;N;Płyny hamulcowe;588
16;01;14;N;Płyny zapobiegające zamarzaniu zawierające niebezpieczne substancje;589
16;01;15;B;Płyny zapobiegające zamarzaniu inne niż wymienione w 16 01 14;590
16;01;16;B;Zbiorniki na gaz skroplony;591
16;01;17;B;Metale żelazne;592
16;01;18;B;Metale nieżelazne;593
16;01;19;B;Tworzywa sztuczne;594
16;01;20;B;Szkło;595
16;01;21;N;Niebezpieczne elementy inne niż wymienione w 16 01 07 do 16 01 11, 16 01 13 i 16 01 14;596
16;01;22;B;Inne nie wymienione elementy;597
16;01;99;B;Inne nie wymienione odpady;598
16;02;;B;Odpady urządzeń elektrycznych i elektronicznych;599
16;02;09;N;Transformatory i kondensatory zawierające PCB;600
16;02;10;N;Zużyte urządzenia zawierające PCB albo nimi zanieczyszczone inne niż wymienione w 16 02 09;601
16;02;11;N;Zużyte urządzenia zawierające freony, HCFC, HFC;602
16;02;12;N;Zużyte urządzenia zawierające wolny azbest;603
16;02;13;N;Zużyte urządzenia zawierające niebezpieczne elementy (1) inne niż wymienione w 16 02 09 do 16 02 12;604
16;02;14;B;Zużyte urządzenia inne niż wymienione w 16 02 09 do 16 02 13;605
16;02;15;N;Niebezpieczne elementy lub części składowe usunięte z zużytych urządzeń;606
16;02;16;B;Elementy usunięte z zużytych urządzeń inne niż wymienione w 16 02 15;607
16;03;;B;Partie produktów nie odpowiadające wymaganiom oraz produkty przeterminowane lub nieprzydatne do użytku;608
16;03;03;N;Nieorganiczne odpady zawierające substancje niebezpieczne;609
16;03;04;B;Nieorganiczne odpady inne niż wymienione w 16 03 03, 16 03 80;610
16;03;05;N;Organiczne odpady zawierające substancje niebezpieczne;611
16;03;06;B;Organiczne odpady inne niż wymienione w 16 03 05, 16 03 80;612
16;03;80;B;Produkty spożywcze przeterminowane lub nieprzydatne do spożycia;613
16;04;;B;Odpady materiałów wybuchowych;614
16;04;01;N;Odpadowa amunicja;615
16;04;02;N;Odpadowe wyroby pirotechniczne (np. ognie sztuczne);616
16;04;03;N;Inne materiały wybuchowe;617
16;05;;B;Gazy w pojemnikach ciśnieniowych i zużyte chemikalia;618
16;05;04;N;Gazy w pojemnikach (w tym halony) zawierające substancje niebezpieczne;619
16;05;05;B;Gazy w pojemnikach inne niż wymienione w 16 05 04;620
16;05;06;N;Chemikalia laboratoryjne i analityczne (np. odczynniki chemiczne) zawierające substancje niebezpieczne, w tym mieszaniny chemikaliów laboratoryjnych i analitycznych;621
16;05;07;N;Zużyte nieorganiczne chemikalia zawierające substancje niebezpieczne (np. przeterminowane odczynniki chemiczne);622
16;05;08;N;Zużyte organiczne chemikalia zawierające substancje niebezpieczne (np. przeterminowane odczynniki chemiczne);623
16;05;09;B;Zużyte chemikalia inne niż wymienione w 16 05 06, 16 05 07 lub 16 05 08;624
16;06;;B;Baterie i akumulatory;625
16;06;01;N;Baterie i akumulatory ołowiowe;626
16;06;02;N;Baterie i akumulatory niklowo-kadmowe;627
16;06;03;N;Baterie zawierające rtęć;628
16;06;04;B;Baterie alkaliczne (z wyłączeniem 16 06 03);629
16;06;05;B;Inne baterie i akumulatory;630
16;06;06;N;Selektywnie gromadzony elektrolit z baterii i akumulatorów;631
16;07;;B;Odpady z czyszczenia zbiorników magazynowych, cystern transportowych i beczek (z wyjątkiem grup 05 i 13);632
16;07;08;N;Odpady zawierające ropę naftową lub jej produkty;633
16;07;09;N;Odpady zawierające inne substancje niebezpieczne;634
16;07;99;B;Inne nie wymienione odpady;635
16;08;;B;Zużyte katalizatory;636
16;08;01;B;Zużyte katalizatory zawierające złoto, srebro, ren, rod, pallad, iryd lub platynę (z wyłączeniem 16 08 07);637
16;08;02;N;Zużyte katalizatory zawierające niebezpieczne metale przejściowe (2) lub ich niebezpieczne związki;638
16;08;03;B;Zużyte katalizatory zawierające metale przejściowe lub ich związki inne niż wymienione w 16 08 02;639
16;08;04;B;Zużyte katalizatory stosowane do katalitycznego krakingu w procesie fluidyzacyjnym (z wyłączeniem 16 08 07);640
16;08;05;N;Zużyte katalizatory zawierające kwas fosforowy;641
16;08;06;N;Zużyte ciecze stosowane jako katalizatory;642
16;08;07;N;Zużyte katalizatory zanieczyszczone substancjami niebezpiecznymi;643
16;09;;B;Substancje utleniające;644
16;09;01;N;Nadmanganiany (np. nadmanganian potasowy);645
16;09;02;N;Chromiany (np. chromian potasowy, dwuchromian sodowy lub potasowy);646
16;09;03;N;Nadtlenki (np. nadtlenek wodoru);647
16;09;04;N;Inne nie wymienione substancje utleniające;648
16;10;;B;Uwodnione odpady ciekłe przeznaczone do odzysku lub unieszkodliwiania poza miejscami ich powstawania;649
16;10;01;N;Uwodnione odpady ciekłe zawierające substancje niebezpieczne;650
16;10;02;B;Uwodnione odpady ciekłe inne niż wymienione w 16 10 01;651
16;10;03;N;Stężone uwodnione odpady ciekłe (np. koncentraty) zawierające substancje niebezpieczne;652
16;10;04;B;Stężone uwodnione odpady ciekłe (np. koncentraty) inne niż wymienione w 16 10 03;653
16;11;;B;Odpady z okładzin piecowych i materiały ogniotrwałe;654
10;04;01;N;Żużle z produkcji pierwotnej i wtórnej;915
16;11;01;N;Węglopochodne okładziny piecowe i materiały ogniotrwałe z procesów metalurgicznych zawierające substancje niebezpieczne;655
16;11;02;B;Węglopochodne okładziny piecowe i materiały ogniotrwałe z procesów metalurgicznych inne niż wymienione w 16 11 01;656
16;11;03;N;Inne okładziny piecowe i materiały ogniotrwałe z procesów metalurgicznych zawierające substancje niebezpieczne;657
16;11;04;B;Okładziny piecowe i materiały ogniotrwałe z procesów metalurgicznych inne niż wymienione w 16 11 03;658
16;11;05;N;Okładziny piecowe i materiały ogniotrwałe z procesów niemetalurgicznych zawierające substancje niebezpieczne;659
10;04;02;N;Zgary z produkcji pierwotnej i wtórnej;916
16;11;06;B;Okładziny piecowe i materiały ogniotrwałe z procesów niemetalurgicznych inne niż wymienione w 16 11 05;660
16;80;;B;Odpady różne;661
16;80;01;B;Magnetyczne i optyczne nośniki informacji;662
16;81;;B;Odpady powstałe w wyniku wypadków i zdarzeń losowych;663
16;81;01;N;Odpady wykazujące właściwości niebezpieczne;664
16;81;02;B;Odpady inne niż wymienione w 16 81 01;665
16;82;;B;Odpady powstałe w wyniku klęsk żywiołowych;666
16;82;01;N;Odpady wykazujące właściwości niebezpieczne;667
16;82;02;B;Odpady inne niż wymienione w 16 82 01;668
17;;;B;Odpady z budowy, remontów i demontażu obiektów budowlanych oraz infrastruktury drogowej (włączając glebę i ziemię z terenów zanieczyszczonych);669
17;01;;B;Odpady materiałów i elementów budowlanych oraz infrastruktury drogowej (np. beton, cegły, płyty, ceramika);670
17;01;01;B;Odpady betonu oraz gruz betonowy z rozbiórek i remontów;671
17;01;02;B;Gruz ceglany;672
17;01;03;B;Odpady innych materiałów ceramicznych i elementów wyposażenia;673
10;04;03;N;Wapno zawierające związki arsenu(arsenian wapniowy);917
17;01;06;N;Zmieszane lub wysegregowane odpady z betonu, gruzu ceglanego, odpadowych materiałów ceramicznych i elementów wyposażenia zawierające substancje niebezpieczne;674
17;01;07;B;Zmieszane odpady z betonu, gruzu ceglanego, odpadowych materiałów ceramicznych i elementów wyposażenia inne niż wymienione w 17 01 06;675
17;01;80;B;Usunięte tynki, tapety, okleiny itp.;676
17;01;81;B;Odpady z remontów i przebudowy dróg;677
17;01;82;B;Inne nie wymienione odpady;678
17;02;;B;Odpady drewna, szkła i tworzyw sztucznych;679
17;02;01;B;Drewno;680
17;02;02;B;Szkło;681
17;02;03;B;Tworzywa sztuczne;682
17;02;04;N;Odpady drewna, szkła i tworzyw sztucznych zawierające lub zanieczyszczone substancjami niebezpiecznymi (podkłady kolejowe);683
17;03;;B;Odpady asfaltów, smół i produktów smołowych;684
17;03;01;N;Asfalt zawierający smołę;685
17;03;02;B;Asfalt inny niż wymieniony w 17 03 01;686
17;03;03;N;Smoła i produkty smołowe;687
17;03;80;B;Odpadowa papa;688
17;04;;B;Odpady i złomy metaliczne oraz stopów metali;689
17;04;01;B;Miedź, brąz, mosiądz;690
17;04;02;B;Aluminium;691
17;04;03;B;Ołów;692
17;04;04;B;Cynk;693
17;04;05;B;Żelazo i stal;694
17;04;06;B;Cyna;695
17;04;07;B;Mieszaniny metali;696
17;04;09;N;Odpady metali zanieczyszczone substancjami niebezpiecznymi;697
17;04;10;N;Kable zawierające ropę naftową, smołę i inne substancje niebezpieczne;698
17;04;11;B;Kable inne niż wymienione w 17 04 10;699
17;05;;B;Gleba i ziemia (włączając glebę i ziemię z terenów zanieczyszczonych oraz urobek z pogłębiania);700
17;05;03;N;Gleba i ziemia, w tym kamienie, zawierające substancje niebezpieczne (np. PCB);701
17;05;04;B;Gleba i ziemia, w tym kamienie, inne niż wymienione w 17 05 03;702
17;05;05;N;Urobek z pogłębiania zawierający lub zanieczyszczony substancjami niebezpiecznymi;703
17;05;06;B;Urobek z pogłębiania inny niż wymieniony w 17 05 05;704
17;05;07;N;Tłuczeń torowy (kruszywo) zawierający substancje niebezpieczne;705
17;05;08;B;Tłuczeń torowy (kruszywo) inny niż wymieniony w 17 05 07;706
17;06;;B;Materiały izolacyjne oraz materiały konstrukcyjne zawierające azbest;707
17;06;01;N;Materiały izolacyjne zawierające azbest;708
17;06;03;N;Inne materiały izolacyjne zawierające substancje niebezpieczne;709
17;06;04;B;Materiały izolacyjne inne niż wymienione w 17 06 01 i 17 06 03;710
17;06;05;N;Materiały konstrukcyjne zawierające azbest;711
17;08;;B;Materiały konstrukcyjne zawierające gips;712
17;08;01;N;Materiały konstrukcyjne zawierające gips zanieczyszczone substancjami niebezpiecznymi;713
10;04;04;N;Pyły z gazów odlotowych;918
17;08;02;B;Materiały konstrukcyjne zawierające gips inne niż wymienione w 17 08 01;714
17;09;;B;Inne odpady z budowy, remontów i demontażu;715
17;09;01;N;Odpady z budowy, remontów i demontażu zawierające rtęć;716
17;09;02;N;Odpady z budowy, remontów i demontażu zawierające PCB (np. substancje i przedmioty zawierające PCB: szczeliwa, wykładziny podłogowe zawierające żywice, szczelne zespoły okienne, kondensatory);717
17;09;03;N;Inne odpady z budowy, remontów i demontażu (w tym odpady zmieszane) zawierające substancje niebezpieczne;718
17;09;04;B;Zmieszane odpady z budowy, remontów i demontażu inne niż wymienione w 17 09 01, 17 09 02 i 17 09 03;719
18;;;B;Odpady medyczne i weterynaryjne;720
18;01;;B;Odpady z diagnozowania, leczenia i profilaktyki medycznej;721
18;01;01;B;Narzędzia chirurgiczne i zabiegowe oraz ich resztki (z wyłączeniem 18 01 03);722
18;01;02;N;Części ciała i organy oraz pojemniki na krew i konserwanty służące do jej przechowywania (z wyłączeniem 18 01 03);723
18;01;03;N;Inne odpady, które zawierają żywe drobnoustroje chorobotwórcze lub ich toksyny oraz inne formy zdolne do przeniesienia materiału genetycznego, o których wiadomo lub co do których istnieją wiarygodne podstawy do sądzenia, że wywołują choroby u ludzi i zwierząt (np. zainfekowane pieluchomajtki, podpaski, podkłady), z wyłączeniem 18 01 80 i 18 01 82;724
18;01;04;B;Inne odpady niż wymienione w 18 01 03;725
18;01;06;N;Chemikalia, w tym odczynniki chemiczne, zawierające substancje niebezpieczne;726
18;01;07;B;Chemikalia, w tym odczynniki chemiczne, inne niż wymienione w 18 01 06;727
18;01;08;N;Leki cytotoksyczne i cytostatyczne;728
18;01;09;B;Leki inne niż wymienione w 18 01 08;729
18;01;10;N;Odpady amalgamatu dentystycznego;730
18;01;80;N;Zużyte kąpiele lecznicze aktywne biologicznie o właściwościach zakaźnych;731
18;01;81;B;Zużyte kąpiele lecznicze aktywne biologicznie inne niż wymienione w 18 01 80;732
18;01;82;N;Pozostałości z żywienia pacjentów oddziałów zakaźnych;733
18;02;;B;Odpady z diagnozowania, leczenia i profilaktyki weterynaryjnej;734
18;02;01;B;Narzędzia chirurgiczne i zabiegowe oraz ich resztki (z wyłączeniem 18 02 02);735
18;02;02;N;Inne odpady, które zawierają żywe drobnoustroje chorobotwórcze lub ich toksyny oraz inne formy zdolne do przeniesienia materiału genetycznego, o których wiadomo lub co do których istnieją wiarygodne podstawy do sądzenia, że wywołują choroby u ludzi i zwie;736
18;02;03;B;Inne odpady niż wymienione w 18 02 02;737
18;02;05;N;Chemikalia, w tym odczynniki chemiczne, zawierające substancje niebezpieczne;738
18;02;06;B;Chemikalia, w tym odczynniki chemiczne, inne niż wymienione w 18 02 05;739
18;02;07;N;Leki cytotoksyczne i cytostatyczne;740
18;02;08;B;Leki inne niż wymienione w 18 02 07;741
19;;;B;Odpady z instalacji i urządzeń służących zagospodarowaniu odpadów, z oczyszczalni ścieków oraz z uzdatniania wody pitnej i wody do celów przemysłowych;742
19;01;;B;Odpady z termicznego przekształcania odpadów;743
19;01;02;B;Złom żelazny usunięty z popiołów paleniskowych;744
19;01;05;N;Osady filtracyjne (np. placek filtracyjny) z oczyszczania gazów odlotowych;745
19;01;06;N;Szlamy i inne odpady uwodnione z oczyszczania gazów odlotowych;746
19;01;07;N;Odpady stałe z oczyszczania gazów odlotowych;747
19;01;10;N;Zużyty węgiel aktywny z oczyszczania gazów odlotowych;748
19;01;11;N;Żużle i popioły paleniskowe zawierające substancje niebezpieczne;749
19;01;12;B;Żużle i popioły paleniskowe inne niż wymienione w 19 01 11;750
19;01;13;N;Popioły lotne zawierające substancje niebezpieczne;751
19;01;14;B;Popioły lotne inne niż wymienione w 19 01 13;752
19;01;15;N;Pyły z kotłów zawierające substancje niebezpieczne;753
19;01;16;B;Pyły z kotłów inne niż wymienione w 19 01 15;754
19;01;17;N;Odpady z pirolizy odpadów zawierające substancje niebezpieczne;755
19;01;18;B;Odpady z pirolizy odpadów inne niż wymienione w 19 01 17;756
19;01;19;B;Piaski ze złóż fluidalnych;757
19;01;99;B;Inne nie wymienione odpady;758
19;02;;B;Odpady z fizykochemicznej przeróbki odpadów (w tym usuwanie chromu, usuwanie cyjanków, neutralizacja);759
19;02;03;B;Wstępnie przemieszane odpady składające się wyłącznie z odpadów innych niż niebezpieczne;760
10;04;05;N;Inne cząstki i pyły;919
19;02;04;N;Wstępnie przemieszane odpady składające się z co najmniej z jednego rodzaju odpadów niebezpiecznych;761
19;02;05;N;Szlamy z fizykochemicznej przeróbki odpadów zawierające substancje niebezpieczne;762
19;02;06;B;Szlamy z fizykochemicznej przeróbki odpadów inne niż wymienione w 19 02 05;763
19;02;07;N;Oleje i koncentraty z separacji;764
19;02;08;N;Ciekłe odpady palne zawierające substancje niebezpieczne;765
19;02;09;N;Stałe odpady palne zawierające substancje niebezpieczne;766
19;02;10;B;Odpady palne inne niż wymienione w 19 02 08 lub 19 02 09;767
19;02;11;N;Inne odpady zawierające substancje niebezpieczne;768
19;02;99;B;Inne nie wymienione odpady;769
19;03;;B;Odpady stabilizowane lub zestalone (3);770
19;03;04;N;Odpady niebezpieczne częściowo (4) stabilizowane;771
19;03;05;B;Odpady stabilizowane inne niż wymienione w 19 03 04;772
19;03;06;N;Odpady niebezpieczne zestalone;773
19;03;07;B;Odpady zestalone inne niż wymienione w 19 03 06;774
19;04;;B;Odpady zeszklone i z procesów zeszkliwiania;775
19;04;01;B;Zeszklone odpady;776
19;04;02;N;Popioły lotne i inne odpady z oczyszczania gazów odlotowych;777
19;04;03;N;Nie zeszklona faza stała;778
19;04;04;B;Ciekłe odpady z procesów zeszkliwiania;779
19;05;;B;Odpady z tlenowego rozkładu odpadów stałych (kompostowania);780
19;05;01;B;Nie przekompostowane frakcje odpadów komunalnych i podobnych;781
19;05;02;B;Nie przekompostowane frakcje odpadów pochodzenia zwierzęcego i roślinnego;782
19;05;03;B;Kompost nie odpowiadający wymaganiom (nie nadający się do wykorzystania);783
19;05;99;B;Inne nie wymienione odpady;784
19;06;;B;Odpady z beztlenowego rozkładu odpadów;785
19;06;03;B;Ciecze z beztlenowego rozkładu odpadów komunalnych;786
19;06;04;B;Przefermentowane odpady z beztlenowego rozkładu odpadów komunalnych;787
19;06;05;B;Ciecze z beztlenowego rozkładu odpadów zwierzęcych i roślinnych;788
19;06;06;B;Przefermentowane odpady z beztlenowego rozkładu odpadów zwierzęcych i roślinnych;789
19;06;99;B;Inne nie wymienione odpady;790
19;08;;B;Odpady z oczyszczalni ścieków nie ujęte w innych grupach;791
19;08;01;B;Skratki;792
19;08;02;B;Zawartość piaskowników;793
19;08;05;B;Ustabilizowane komunalne osady ściekowe;794
19;08;06;N;Nasycone lub zużyte żywice jonowymienne;795
19;08;07;N;Roztwory i szlamy z regeneracji wymienników jonitowych;796
19;08;08;N;Odpady z systemów membranowych zawierające metale ciężkie;797
19;08;09;B;Tłuszcze i mieszaniny olejów z separacji olej/woda zawierające wyłącznie oleje jadalne i tłuszcze;798
19;08;10;N;Tłuszcze i mieszaniny olejów z separacji olej/woda inne niż wymienione w 19 08 09;799
19;08;11;N;Szlamy zawierające substancje niebezpieczne z biologicznego oczyszczania ścieków przemysłowych;800
19;08;12;B;Szlamy z biologicznego oczyszczania ścieków przemysłowych inne niż wymienione w 19 08 11;801
19;08;13;N;Szlamy zawierające substancje niebezpieczne z innego niż biologiczne oczyszczania ścieków przemysłowych;802
19;08;14;B;Szlamy z innego niż biologiczne oczyszczania ścieków przemysłowych inne niż wymienione w 19 08 13;803
19;08;99;B;Inne nie wymienione odpady;804
19;09;;B;Odpady z uzdatniania wody pitnej i wody do celów przemysłowych;805
19;09;01;B;Odpady stałe ze wstępnej filtracji i skratki;806
19;09;02;B;Osady z klarowania wody;807
19;09;03;B;Osady z dekarbonizacji wody;808
19;09;04;B;Zużyty węgiel aktywny;809
19;09;05;B;Nasycone lub zużyte żywice jonowymienne;810
19;09;06;B;Roztwory i szlamy z regeneracji wymienników jonitowych;811
19;09;99;B;Inne nie wymienione odpady;812
19;10;;B;Odpady z rozdrabniania odpadów zawierających metale;813
19;10;01;B;Odpady żelaza i stali;814
19;10;02;B;Odpady metali nieżelaznych;815
19;10;03;N;Lekka frakcja i pyły zawierające substancje niebezpieczne;816
19;10;04;B;Lekka frakcja i pyły inne niż wymienione w 19 10 03;817
19;10;05;N;Inne frakcje zawierające substancje niebezpieczne;818
19;10;06;B;Inne frakcje niż wymienione w 19 10 05;819
19;11;;B;Odpady z regeneracji olejów;820
19;11;01;N;Zużyte filtry iłowe;821
19;11;02;N;Kwaśne smoły;822
19;11;03;N;Uwodnione odpady ciekłe;823
19;11;04;N;Alkaliczne odpady z oczyszczania paliw;824
19;11;05;N;Osady z zakładowych oczyszczalni ścieków zawierające substancje niebezpieczne;825
19;11;06;B;Osady z zakładowych oczyszczalni ścieków inne niż wymienione w 19 11 05;826
19;11;07;N;Odpady z oczyszczania gazów odlotowych;827
19;11;99;B;Inne nie wymienione odpady;828
19;12;;B;Odpady z mechanicznej obróbki odpadów (np. obróbki ręcznej, sortowania, zgniatania, granulowania) nie ujęte w innych grupach;829
19;12;01;B;Papier i tektura;830
19;12;02;B;Metale żelazne;831
19;12;03;B;Metale nieżelazne;832
19;12;04;B;Tworzywa sztuczne i guma;833
19;12;05;B;Szkło;834
19;12;06;N;Drewno zawierające substancje niebezpieczne;835
19;12;07;B;Drewno inne niż wymienione w 19 12 06;836
19;12;08;B;Tekstylia;837
19;12;09;B;Minerały (np. piasek, kamienie);838
19;12;10;B;Odpady palne (paliwo alternatywne);839
19;12;11;N;Inne odpady (w tym zmieszane substancje i przedmioty) z mechanicznej obróbki odpadów zawierające substancje niebezpieczne;840
10;04;06;N;Odpady stałe z oczyszczania gazów odlotowych;920
19;12;12;B;Inne odpady (w tym zmieszane substancje i przedmioty) z mechanicznej obróbki odpadów inne niż wymienione w 19 12 11;841
19;13;;B;Odpady z oczyszczania gleby, ziemi i wód podziemnych;842
19;13;01;N;Odpady stałe z oczyszczania gleby i ziemi zawierające substancje niebezpieczne;843
19;13;02;B;Odpady stałe z oczyszczania gleby i ziemi inne niż wymienione w 19 13 01;844
19;13;03;N;Szlamy z oczyszczania gleby i ziemi zawierające substancje niebezpieczne;845
19;13;04;B;Szlamy z oczyszczania gleby i ziemi inne niż wymienione w 19 13 03;846
19;13;05;N;Szlamy z oczyszczania wód podziemnych zawierające substancje niebezpieczne;847
19;13;06;B;Szlamy z oczyszczania wód podziemnych inne niż wymienione w 19 13 05;848
19;13;07;N;Odpady ciekłe i stężone uwodnione odpady ciekłe (np. koncentraty) z oczyszczania wód podziemnych zawierające substancje niebezpieczne;849
19;13;08;B;Odpady ciekłe i stężone uwodnione odpady ciekłe (np. koncentraty) z oczyszczania wód podziemnych inne niż wymienione w 19 13 07;850
19;80;;B;Odpady z unieszkodliwiania odpadów medycznych i weterynaryjnych nie ujęte w innych podgrupach;851
19;80;01;B;Odpady po autoklawowaniu odpadów medycznych i weterynaryjnych;852
20;;;B;Odpady komunalne łącznie z frakcjami gromadzonymi selektywnie;853
20;01;;B;Odpady komunalne segregowane i gromadzone selektywnie (z wyłączeniem 15 01);854
20;01;01;B;Papier i tektura;855
20;01;02;B;Szkło;856
20;01;08;B;Odpady kuchenne ulegające biodegradacji;857
20;01;10;B;Odzież;858
20;01;11;B;Tekstylia;859
20;01;13;N;Rozpuszczalniki;860
20;01;14;N;Kwasy;861
20;01;15;N;Alkalia;862
20;01;17;N;Odczynniki fotograficzne;863
20;01;19;N;Środki ochrony roślin I i II klast toksyczności (bardzo toksyczne i toksyczne np. herbicydy, insektycydy);864
20;01;21;N;Lampy fluorescencyjne i inne odpady zawierające rtęć;865
20;01;23;N;Urządzenia zawierające freony;866
20;01;25;B;Oleje i tłuszcze jadalne;867
20;01;26;N;Oleje i tłuszcze inne niż wymienione w 20 01 25;868
20;01;27;N;Farby, tusze, farby drukarskie, kleje, lepiszcze i żywice zawierające substancje niebezpieczne;869
20;01;28;B;Farby, tusze, farby drukarskie, kleje, lepiszcze i żywice inne niż wymienione w 20 01 27;870
20;01;29;N;Detergenty zawierające substancje niebezpieczne;871
20;01;30;B;Detergenty inne niż wymienione w 20 01 29;872
20;01;31;N;Leki cytotoksyczne i cytostatyczne;873
20;01;32;B;Leki inne niż wymienione w 20 01 31;874
20;01;33;N;Baterie i akumulatory łącznie z bateriami i akumulatorami wymienionymi w 16 06 01, 16 06 02 lub 16 06 03 oraz nie sortowane baterie i akumulatory zawierające te baterie;875
20;01;34;B;Baterie i akumulatory inne niż wymienione w 20 01 33;876
20;01;35;N;Zużyte urządzenia elektryczne i elektroniczne inne niż wymienione w 20 01 21 i 20 01 23 zawierające niebezpieczne składniki (1);877
20;01;36;B;Zużyte urządzenia elektryczne i elektroniczne inne niż wymienione w 20 01 21, 20 01 23 i 20 01 35;878
20;01;37;N;Drewno zawierające substancje niebezpieczne;879
20;01;38;B;Drewno inne niż wymienione w 20 01 37;880
20;01;39;B;Tworzywa sztuczne;881
20;01;40;B;Metale;882
20;01;41;B;Odpady zmiotek wentylacyjnych;883
20;01;80;B;Środki ochrony roślin inne niż wymienione w 20 01 19;884
20;01;99;B;Inne nie wymienione frakcje zbierane w sposób selektywny;885
20;02;;B;Odpady z ogrodów i parków (w tym z cmentarzy);886
20;02;01;B;Odpady ulegające biodegradacji;887
20;02;02;B;Gleba i ziemia, w tym kamienie;888
20;02;03;B;Inne odpady nie ulegające biodegradacji;889
20;03;;B;Inne odpady komunalne;890
20;03;01;B;Nie segregowane (zmieszane) odpady komunalne;891
20;03;02;B;Odpady z targowisk;892
20;03;03;B;Odpady z czyszczenia ulic i placów;893
20;03;04;B;Szlamy ze zbiorników bezodpływowych służących do gromadzenia nieczystości;894
20;03;06;B;Odpady ze studzienek kanalizacyjnych;895
20;03;07;B;Odpady wielkogabarytowe;896
20;03;99;B;Odpady komunalne nie wymienione w innych podgrupach;897
13;07;03;N;INNE PALIWA (WŁĄCZNIE Z MIESZANINAMI);898
13;01;07;N;OLEJ OPAŁOWY I OLEJ NAPĘDOWY;899
13;07;01;N;OJEJ OPAŁOWY I OLEJ NAPĘDOWY;900
10;08;10;N;zgary z wytopu o właściwościach palnych lub wydzielające w zetknięciu z wodą gazy palne w niebezpiecznych ilościach;901
10;10;08;B;RDZENIE I FORMY ODLEWNICZE PO PROCESIE ODLEWANIA INNE NIŻ WYMIENIONE W 10 10 07;902
10;13;82;B;WYBRAKOWANE WYROBY;911
10;12;09;N;Odpady stałe z oczyszczania gazów odlotowychzawierające substancje niebezpieczne;912
10;04;07;N;Szlamy i osady pofiltracyjne z oczyszczania gazów odlotowych;921
10;04;09;N;Odpady z uzdatniania wody chłodzącej zawierające oleje;922
10;04;10;B;Odpady z uzdatniania wody chłodzącej inne niż wymienione w 10 04 09;923
10;04;99;B;Inne niewymienione odpady;924
10;05;01;B;Żużle z produkcji pierwotnej i wtórnej(z wyłączeniem 10 05 80);925
10;05;03;N;Pyły z gazów odlotowych;926
10;05;05;N;Odpady stałe z oczyszczania gazów odlotowych;927
10;05;06;N;Szlamy  i osady pofiltracyjne z oczyszczania gazów odlotowych;928
10;05;08;N;Odpady z uzdatniania wody chłodzącej zawierające oleje;929
10;05;09;B;Odpady z uzdatniania wody chłodzącej inne niż wymienione w 10 05 08;930
10;05;10;N;Zgary z wytopu o właściwościach palnych lub wydzielające w zetknięciu z wodą gazy palne w niebezpiecznych ilościach;931
10;05;11;B;Zgary inne niż wymienione w 10 05 10;932
10;05;80;B;Żużle granulowane z pieców szybowych oraz żużle z pieców obrotowych;933
10;05;99;B;Inne niewymienione odpady;934
10;06;01;B;Żużle z produkcji pierwotnej i wtórnej;935
10;06;02;B;Zgary z produkcji pierotnej i wtórnej;936
10;06;03;N;Pyły z gazów odlotowych;937
10;06;04;B;Inne czastki i pyły;938
10;06;06;N;Odpady stałe z oczyszczania gazów odlotowych;939
10;06;07;N;Szlamy i osady pofiltracyjne z oczyszczania gazów odlotowych;940
10;06;09;N;Odpady z uzdatniania wody chłodzącej zawierające oleje;941
10;06;10;B;Odpady z uzdatniania wody chłodzącej inne niż wymienione w 10 06 09;942
10;06;99;B;Inne niewymienione odpady;943
10;07;01;B;Żużle z produkcji pierwotnej i wtórnej;944
10;07;02;B;Zgary z produkcji pierwotnej i wtórnej;945
10;07;03;B;Odpady stałe z oczyszczania gazów odlotowych;946
10;07;04;B;Inne cząstki i pyły;947
10;07;05;B;Szlamy i osady pofiltracyjne z oczyszczania gazów odlotowych;948
10;07;07;N;Odpady z uzdatniania wody chłodzącej zawierające oleje;949
10;07;08;B;Odpady z uzdatniania wody chłodzącej inne niż wymienione w 10 07 07;950
10;07;99;B;Inne niewymienione odpady;951
10;08;04;B;Cząstki i pyły;952
10;08;08;N;Słone żużle z produkcji pierwotnej i wtórnej;953
10;08;09;B;Inne żużle;954
10;08;11;B;Zgary inne niż wymienione w 10 08 10;955
10;08;12;N;Odpady zawierające smołę z produkcji anod;956
10;08;13;B;Odpady zawierające węgiel z produkcji anod inne niż wymienione w 10 08 12;957
10;08;14;B;Odpadowe anody;958
10;08;15;N;Pyły z gazów odlotowych zawierające substancje niebezpieczne;959
10;08;16;B;Pyły z gazów odlotowych inne niż wymienione w 10 08 15;960
10;08;17;N;Szlamy i osady pofiltracyjne z oczyszczania gazów odlotowych zawierające substancje niebezpieczne;961
10;08;18;B;Szlamy i osady pofiltracyjne z oczyszczania gazów odlotowych inne niż wymienione w 10 08 17;962
10;08;19;N;Odpady z uzdatniania wody chłodzącej zawierające oleje;963
10;08;20;B;Odpady z uzdatniania wody chłodzącej inne niż wymienione w 10 08 19;964
10;08;99;B;Inne niewymienione odpady;965
10;09;03;B;Żużle odlewnicze;966
10;09;05;N;Rdzenie i formy odlewnicze przed procesem odlewania zawierające substancje niebezpieczne;967
10;09;07;N;Rdzenie i formy odlewnicze po procesie odlewania zawierające substancje niebezpieczne;968
10;09;06;B;Rdzenie i formy odlewnicze przed procesem odlewania inne niż wymienione w 10 09 05;969
10;09;08;B;Rdzenie i formy odlewnicze po procesie odlewania inne niż wymienione w 10 09 07;970
10;09;09;N;Pyły z gazów odlotowych zawierające substancje niebezpieczne;971
10;09;10;B;Pyły z gazów odlotowych inne niż wymienione w 10 09 09;972
10;09;11;N;Inne cząstki stałe zawierające substancje niebezpieczne;973
10;09;12;B;Inne cząstki stałe niż wymienione w 10 09 11;974
10;09;13;N;Odpadowe środki wiążące zawierające substancje niebezpieczne;975
10;09;14;B;Odpadowe środki wiążące inne niż wymienione w 10 09 13;976
10;09;15;N;Odpady środków do wykrywania pęknięć odlewów;977
10;09;16;B;Odpady środków do wykrywania pęknięć odlewów inne niż wymienione w 10 09 15;978
10;09;80;B;Wybrakowane wyroby żeliwne;979
10;09;99;B;Inne niewymienione odpady;980
10;10;03;B;Zgary i żużle odlewnicze;981
10;10;05;N;Rdzenie i formy odlewnicze przed procesem odlewania zawierające substancje niebezpieczne;982
10;10;06;B;Rdzenie i formy odlewnicze przed procesem odlewania inne niż wymienione w 10 10 05;983
10;10;07;N;Rdzenie i formy odlewnicze po procesie odlewania zawierające substancje niebezpieczne;984
10;10;09;N;Pyły z gazów odlotowych zawierające substancje niebezpieczne;985
10;10;11;N;Inne cząstki stałe zawierające substancje niebezpieczne;986
10;10;10;B;Pyły z gazów odlotowych inne niż wymienione w 10 10 09;987
10;10;13;N;Odpadowe środki wiążące zawierające substancje niebezpieczne;988
10;10;14;B;Odpadowe środki wiążące inne niż wymienione 10 10 13;989
10;10;15;N;Odpady środków do wykrywania pęknięć odlewów;990
10;10;16;B;Odpady środków do wykrywania pęknięć odlewów inne niż wymienione w 10 10 15;991
10;10;99;B;Inne niewymienione odpady;992
10;11;05;B;Cząstki i pyły;993
10;11;09;N;Odpady z przygotowania mas wsadowych do obróbki termicznej zawierające substancje niebezpieczne;994
10;11;10;B;Odpady z przygotowania mas wsadowych inne niż wymienione w 10 11 09;995
10;11;11;N;Szkło odpadowe w postaci małych cząstek i proszku szklanego zawierające metale ciężkie(np.z lamp elektronopromieniowych);996
10;11;12;B;Szkło odpadowe inne niż wymienione w 10 11 11;997
10;11;13;N;Szlamy z polerowania i szlifowania szkła zawierające substancje niebezpieczne;998
10;11;14;B;Szlamy z polerowania i szlifowania szkła inne niż wymienione w 10 11 13;999
10;11;15;N;Odpady stałe z oczyszczania gazów odlotowych zawierające substancje niebezpieczne;1 000
10;11;16;B;Odpay stałe z oczyszczania gazów odlotowych inne niż wymienione w 10 11 15;1 001
10;11;17;N;Szlamy i osady pofiltracyjne z oczyszczania gazów odlotowych zawierające substancje niebezpieczne;1 002
10;11;18;B;Szlamy i osady pofiltracyjne z oczyszczania gazów odlotowych inne niż wymienione w 10 11 17;1 003
10;11;19;N;Odpady stałe z zakładowych oczyszczalni ścieków zawierające substancje niebezpieczne;1 004
10;11;20;B;Odpady stałe z zakładowych oczyszczalni ścieków inne niż wymienione w 10 11 19;1 005
10;11;80;B;Szlamy flurokrzemianowe;1 006
10;11;81;N;Odpady zawierające azbest;1 007
10;11;99;B;Inne niewymienione odpady;1 008
10;12;01;B;Odpady z przygotowania mas wsadowych do obróbki termicznej;1 009
